id,device_id,ts_ms,timestamp,temp,humidity,ldr_raw,light,acc_x,acc_y,acc_z,magnitude
320,10B61B34E3EC,1763474113544,2025-11-18 19:25:13,25.0,52.0,858,20.9524,0.995605,-0.105713,-0.064209,1.00326
319,10B61B34E3EC,1763474103531,2025-11-18 19:25:03,25.3,52.0,881,21.514,0.985352,0.01123,-0.167969,0.999629
318,10B61B34E3EC,1763474093794,2025-11-18 19:24:53,25.3,52.0,1081,26.398,0.745605,-0.107666,0.683838,1.01742
317,10B61B34E3EC,1763474083786,2025-11-18 19:24:43,25.3,52.0,1045,25.5189,0.985596,-0.079346,-0.133057,0.997697
316,10B61B34E3EC,1763474074388,2025-11-18 19:24:34,25.3,52.0,1051,25.6654,1.00317,-0.081055,-0.136719,1.01569
315,10B61B34E3EC,1763474064377,2025-11-18 19:24:24,25.3,52.0,1074,26.2271,0.987549,-0.079102,-0.133301,0.99964
314,10B61B34E3EC,1763473864155,2025-11-18 19:21:04,25.3,52.0,926,22.6129,1.00073,-0.097656,-0.03833,1.00622
313,10B61B34E3EC,1763473854150,2025-11-18 19:20:54,25.3,53.0,916,22.3687,0.998535,-0.099365,-0.038818,1.00422
312,10B61B34E3EC,1763473844712,2025-11-18 19:20:44,25.3,52.0,788,19.243,0.995361,-0.101807,-0.034668,1.00115
311,10B61B34E3EC,1763473834731,2025-11-18 19:20:34,25.3,53.0,1232,30.0855,0.998779,-0.101074,-0.035889,1.00452
310,10B61B34E3EC,1763473825127,2025-11-18 19:20:25,25.3,53.0,1179,28.7912,1.00073,-0.098145,-0.028564,1.00594
309,10B61B34E3EC,1763473815089,2025-11-18 19:20:15,25.3,53.0,1259,30.7448,0.994873,-0.102783,-0.031738,1.00067
308,10B61B34E3EC,1763473805637,2025-11-18 19:20:05,25.3,52.0,1185,28.9377,1.00049,-0.10376,-0.031738,1.00635
307,10B61B34E3EC,1763473795626,2025-11-18 19:19:55,25.3,52.0,1245,30.4029,0.997803,-0.102295,-0.044678,1.00403
306,10B61B34E3EC,1763473785838,2025-11-18 19:19:45,25.3,52.0,1185,28.9377,0.99292,-0.09668,-0.031494,0.998113
305,10B61B34E3EC,1763473775764,2025-11-18 19:19:35,25.3,52.0,1248,30.4762,1.0022,0.016113,0.248779,1.03274
304,10B61B34E3EC,1763473766191,2025-11-18 19:19:26,25.3,52.0,752,18.3639,0.466553,-0.136475,0.919678,1.04024
303,10B61B34E3EC,1763473756153,2025-11-18 19:19:16,25.3,52.0,1261,30.7937,0.994873,-0.092529,-0.052979,1.00057
302,10B61B34E3EC,1763473746582,2025-11-18 19:19:06,25.3,52.0,1231,30.0611,1.0022,-0.095459,-0.052246,1.00809
301,10B61B34E3EC,1763473736675,2025-11-18 19:18:56,25.3,52.0,1283,31.3309,0.997559,-0.08374,-0.05957,1.00284
300,10B61B34E3EC,1763473537046,2025-11-18 19:15:37,24.8,52.0,1217,29.7192,1.00098,-0.085938,-0.056885,1.00627
299,10B61B34E3EC,1763473526943,2025-11-18 19:15:26,24.8,52.0,1259,30.7448,0.998535,-0.088379,-0.056885,1.00405
298,10B61B34E3EC,1763473517502,2025-11-18 19:15:17,24.8,52.0,1261,30.7937,0.996338,-0.093506,-0.062988,1.0027
297,10B61B34E3EC,1763473507493,2025-11-18 19:15:07,24.8,52.0,1264,30.8669,0.994141,-0.088623,-0.056885,0.999703
296,10B61B34E3EC,1763473497717,2025-11-18 19:14:57,24.8,52.0,1237,30.2076,0.996094,-0.091553,-0.058838,1.00202
295,10B61B34E3EC,1763473487803,2025-11-18 19:14:47,24.8,53.0,1200,29.304,0.991943,-0.097412,-0.048584,0.997898
294,10B61B34E3EC,1763473477091,2025-11-18 19:14:37,24.8,53.0,1183,28.8889,0.994873,-0.099365,-0.053955,1.00128
293,10B61B34E3EC,1763473467075,2025-11-18 19:14:27,24.8,52.0,1202,29.3529,1.0,-0.095215,-0.0625,1.00647
292,10B61B34E3EC,1763473456518,2025-11-18 19:14:16,24.8,52.0,1218,29.7436,0.997559,-0.096924,-0.063965,1.0043
291,10B61B34E3EC,1763473446515,2025-11-18 19:14:06,24.8,53.0,1231,30.0611,0.992676,-0.096924,-0.056152,0.998976
290,10B61B34E3EC,1763473436225,2025-11-18 19:13:56,24.8,53.0,1211,29.5726,0.996826,-0.098633,-0.062988,1.00367
289,10B61B34E3EC,1763473426199,2025-11-18 19:13:46,24.8,52.0,1223,29.8657,0.998047,-0.09375,-0.066162,1.00462
288,10B61B34E3EC,1763473415733,2025-11-18 19:13:35,24.8,52.0,1225,29.9145,1.00317,-0.097412,-0.064697,1.00997
287,10B61B34E3EC,1763473405740,2025-11-18 19:13:25,24.8,52.0,1245,30.4029,1.00244,-0.092773,-0.071533,1.00926
286,10B61B34E3EC,1763473395081,2025-11-18 19:13:15,24.8,53.0,1195,29.1819,0.971436,0.172363,-0.170898,1.0013
285,10B61B34E3EC,1763473384985,2025-11-18 19:13:04,24.8,53.0,1038,25.348,0.992432,0.104736,0.191162,1.01609
284,10B61B34E3EC,1763473374705,2025-11-18 19:12:54,24.8,53.0,1051,25.6654,0.987061,0.110107,0.220215,1.0173
283,10B61B34E3EC,1763473364567,2025-11-18 19:12:44,24.8,53.0,1072,26.1783,0.989014,0.117676,0.212402,1.01839
282,10B61B34E3EC,1763473353889,2025-11-18 19:12:33,24.8,53.0,1086,26.5201,1.00146,0.131592,0.064453,1.01213
281,10B61B34E3EC,1763473343906,2025-11-18 19:12:23,24.8,52.0,1307,31.917,1.0022,-0.081299,-0.050049,1.00673
280,10B61B34E3EC,1763473333196,2025-11-18 19:12:13,24.8,52.0,1301,31.7705,1.0,-0.084229,-0.04834,1.0047
279,10B61B34E3EC,1763473323358,2025-11-18 19:12:03,24.8,52.0,1318,32.1856,0.995117,-0.078125,-0.052979,0.999584
278,10B61B34E3EC,1763473303030,2025-11-18 19:11:43,24.8,52.0,1321,32.2589,0.999512,-0.087891,-0.048096,1.00452
277,10B61B34E3EC,1763473292713,2025-11-18 19:11:32,24.8,52.0,1271,31.0379,0.994873,-0.08374,-0.054932,0.999901
276,10B61B34E3EC,1763473282675,2025-11-18 19:11:22,24.8,52.0,1345,32.8449,0.985596,-0.086182,-0.058105,0.991062
275,10B61B34E3EC,1763473272109,2025-11-18 19:11:12,24.8,52.0,1328,32.4298,1.0,-0.084961,-0.051758,1.00494
274,10B61B34E3EC,1763473262006,2025-11-18 19:11:02,24.8,52.0,1346,32.8694,1.00195,-0.087402,-0.055664,1.0073
273,10B61B34E3EC,1763473251471,2025-11-18 19:10:51,24.8,52.0,1335,32.6007,0.999512,-0.082764,-0.057617,1.00459
272,10B61B34E3EC,1763473241469,2025-11-18 19:10:41,24.8,52.0,1343,32.7961,1.0022,-0.087891,-0.05249,1.00741
271,10B61B34E3EC,1763473230808,2025-11-18 19:10:30,24.8,52.0,1330,32.4786,1.00146,-0.09082,-0.057129,1.0072
270,10B61B34E3EC,1763473220992,2025-11-18 19:10:20,24.8,52.0,1315,32.1123,1.00122,-0.095703,-0.051514,1.0071
269,10B61B34E3EC,1763473210403,2025-11-18 19:10:10,24.8,53.0,1328,32.4298,0.98999,-0.094727,-0.050049,0.99577
268,10B61B34E3EC,1763473200365,2025-11-18 19:10:00,24.8,53.0,1327,32.4054,0.998779,-0.08667,-0.05127,1.00384
267,10B61B34E3EC,1763473189838,2025-11-18 19:09:49,24.8,53.0,1342,32.7717,0.994385,-0.088867,-0.051514,0.999676
266,10B61B34E3EC,1763473179831,2025-11-18 19:09:39,24.8,53.0,1313,32.0635,0.998535,-0.085693,-0.051758,1.00354
265,10B61B34E3EC,1763473169053,2025-11-18 19:09:29,24.8,53.0,1342,32.7717,0.999023,-0.082275,-0.056641,1.004
264,10B61B34E3EC,1763473158956,2025-11-18 19:09:18,24.8,53.0,1334,32.5763,1.00049,-0.084961,-0.056641,1.00569
263,10B61B34E3EC,1763473148623,2025-11-18 19:09:08,24.8,53.0,1255,30.6471,1.0,-0.080078,-0.057373,1.00484
262,10B61B34E3EC,1763473138705,2025-11-18 19:08:58,24.8,53.0,1249,30.5006,1.00073,-0.083984,-0.059082,1.00599
261,10B61B34E3EC,1763473128136,2025-11-18 19:08:48,24.8,52.0,1277,31.1844,1.00049,-0.081299,-0.054932,1.00529
260,10B61B34E3EC,1763473118139,2025-11-18 19:08:38,24.8,53.0,1280,31.2576,0.998047,-0.085938,-0.05542,1.00327
259,10B61B34E3EC,1763473107087,2025-11-18 19:08:27,24.8,53.0,1245,30.4029,1.00146,-0.083008,-0.057373,1.00654
257,10B61B34E3EC,1763473013611,2025-11-18 19:06:53,24.8,52.0,1312,32.0391,0.997314,-0.090088,-0.05249,1.00275
256,10B61B34E3EC,1763473001075,2025-11-18 19:06:41,24.8,52.0,1302,31.7949,0.997559,-0.096191,-0.059082,1.00393
255,10B61B34E3EC,1763472991038,2025-11-18 19:06:31,24.8,52.0,1315,32.1123,0.999023,-0.096436,-0.05835,1.00536
254,10B61B34E3EC,1763472978496,2025-11-18 19:06:18,24.8,53.0,1295,31.6239,0.998535,-0.098145,-0.058594,1.00506
253,10B61B34E3EC,1763472968458,2025-11-18 19:06:08,24.8,53.0,1346,32.8694,0.999512,-0.093994,-0.052002,1.00527
252,10B61B34E3EC,1763472955972,2025-11-18 19:05:55,24.8,53.0,1271,31.0379,1.00513,-0.090332,-0.051758,1.0105
251,10B61B34E3EC,1763472945983,2025-11-18 19:05:45,24.8,53.0,1303,31.8193,0.999756,-0.086182,-0.051514,1.00479
250,10B61B34E3EC,1763472933469,2025-11-18 19:05:33,24.8,53.0,1194,29.1575,0.997803,-0.08667,-0.057617,1.00322
249,10B61B34E3EC,1763472923457,2025-11-18 19:05:23,24.8,53.0,1319,32.21,0.998535,-0.09082,-0.057129,1.00428
248,10B61B34E3EC,1763472901022,2025-11-18 19:05:01,24.8,53.0,1315,32.1123,0.995605,-0.089111,-0.055908,1.00115
247,10B61B34E3EC,1763472888390,2025-11-18 19:04:48,24.8,53.0,1328,32.4298,0.999268,-0.090088,-0.057617,1.00497
246,10B61B34E3EC,1763472878548,2025-11-18 19:04:38,24.8,53.0,1305,31.8681,0.998779,-0.085938,-0.061523,1.00436
245,10B61B34E3EC,1763472856221,2025-11-18 19:04:16,24.8,53.0,1311,32.0147,1.0022,-0.087402,-0.057861,1.00766
244,10B61B34E3EC,1763472843686,2025-11-18 19:04:03,24.8,53.0,1360,33.2112,0.998779,-0.0896,-0.061768,1.00469
243,10B61B34E3EC,1763472833698,2025-11-18 19:03:53,24.8,53.0,1365,33.3333,1.00928,-0.086426,-0.065186,1.01507
242,10B61B34E3EC,1763472811424,2025-11-18 19:03:31,24.8,53.0,1331,32.5031,1.0,-0.093506,-0.061523,1.00624
241,10B61B34E3EC,1763472798780,2025-11-18 19:03:18,24.8,53.0,1302,31.7949,0.999512,-0.095703,-0.061523,1.00597
240,10B61B34E3EC,1763472788742,2025-11-18 19:03:08,24.8,53.0,1290,31.5018,1.00098,-0.095459,-0.059814,1.0073
239,10B61B34E3EC,1763472776047,2025-11-18 19:02:56,24.8,52.0,1280,31.2576,0.994385,-0.094727,-0.059082,1.00063
238,10B61B34E3EC,1763472766065,2025-11-18 19:02:46,24.8,53.0,1275,31.1355,0.99585,-0.095947,-0.054199,1.00193
237,10B61B34E3EC,1763472753382,2025-11-18 19:02:33,24.8,53.0,1355,33.0891,0.998779,-0.093506,-0.058838,1.00487
236,10B61B34E3EC,1763472743392,2025-11-18 19:02:23,24.8,53.0,1337,32.6496,1.00269,-0.093018,-0.059326,1.00874
235,10B61B34E3EC,1763472730934,2025-11-18 19:02:10,24.8,53.0,1368,33.4066,0.997803,-0.094238,-0.057617,1.0039
234,10B61B34E3EC,1763472720862,2025-11-18 19:02:00,24.8,53.0,1314,32.0879,0.998779,-0.094727,-0.053223,1.00467
233,10B61B34E3EC,1763472708372,2025-11-18 19:01:48,24.8,53.0,1361,33.2357,0.994141,-0.091064,-0.062744,1.00027
232,10B61B34E3EC,1763472698462,2025-11-18 19:01:38,24.8,53.0,1295,31.6239,0.999512,-0.093262,-0.064453,1.00592
231,10B61B34E3EC,1763472685814,2025-11-18 19:01:25,24.8,53.0,1296,31.6484,1.00146,-0.092529,-0.055664,1.00727
230,10B61B34E3EC,1763472675746,2025-11-18 19:01:15,24.8,54.0,1241,30.3053,0.999268,-0.087402,-0.058594,1.00479
228,10B61B34E3EC,1763472663466,2025-11-18 19:01:03,24.8,54.0,1338,32.674,1.00464,-0.083252,-0.059814,1.00986
227,10B61B34E3EC,1763460960671,2025-11-18 15:46:00,24.8,46.0,1383,33.7729,0.993408,-0.018799,-0.105713,0.999194
226,10B61B34E3EC,1763460950608,2025-11-18 15:45:50,24.8,46.0,1365,33.3333,1.00146,-0.016113,-0.117432,1.00846
225,10B61B34E3EC,1763460933964,2025-11-18 15:45:33,24.8,46.0,1281,31.2821,1.00073,-0.020752,-0.116943,1.00776
223,10B61B34E3EC,1763460497358,2025-11-18 15:38:17,25.3,46.0,1392,33.9927,0.993164,-0.02002,-0.114746,0.999971
222,10B61B34E3EC,1763460487541,2025-11-18 15:38:07,25.3,46.0,1433,34.9939,0.997314,-0.018311,-0.111084,1.00365
221,10B61B34E3EC,1763460470907,2025-11-18 15:37:50,25.3,46.0,1359,33.1868,0.995361,-0.020996,-0.109863,1.00163
220,10B61B34E3EC,1763460460980,2025-11-18 15:37:40,25.3,46.0,1411,34.4567,0.997314,-0.018799,-0.107422,1.00326
219,10B61B34E3EC,1763460444509,2025-11-18 15:37:24,25.3,46.0,1294,31.5995,0.996582,-0.01416,-0.110352,1.00277
218,10B61B34E3EC,1763460434572,2025-11-18 15:37:14,25.3,46.0,1446,35.3114,0.993408,-0.018311,-0.109131,0.999552
217,10B61B34E3EC,1763460417863,2025-11-18 15:36:57,25.3,46.0,1431,34.9451,0.995361,-0.016113,-0.102783,1.00078
216,10B61B34E3EC,1763460407941,2025-11-18 15:36:47,25.3,46.0,1391,33.9683,0.993652,-0.018311,-0.111084,1.00001
215,10B61B34E3EC,1763460393315,2025-11-18 15:36:33,25.3,46.0,1366,33.3578,0.997803,-0.017578,-0.111572,1.00418
214,10B61B34E3EC,1763460383277,2025-11-18 15:36:23,25.3,46.0,1396,34.0904,1.00513,-0.017822,-0.116455,1.01201
213,10B61B34E3EC,1763460364612,2025-11-18 15:36:04,25.3,46.0,1383,33.7729,0.999268,-0.018555,-0.109619,1.00543
212,10B61B34E3EC,1763460354574,2025-11-18 15:35:54,25.3,46.0,1403,34.2613,0.997559,-0.018555,-0.110107,1.00379
211,10B61B34E3EC,1763460338137,2025-11-18 15:35:38,25.3,46.0,1375,33.5775,1.00073,-0.018555,-0.108643,1.00678
210,10B61B34E3EC,1763460328125,2025-11-18 15:35:28,25.3,46.0,1326,32.381,0.995117,-0.017578,-0.110596,1.0014
209,10B61B34E3EC,1763460311434,2025-11-18 15:35:11,25.3,46.0,1326,32.381,0.993408,-0.023926,-0.114258,1.00024
208,10B61B34E3EC,1763460301597,2025-11-18 15:35:01,25.3,46.0,1329,32.4542,0.995117,-0.022217,-0.117432,1.00227
207,10B61B34E3EC,1763460284966,2025-11-18 15:34:44,25.3,46.0,1363,33.2845,1.00073,-0.01709,-0.112305,1.00716
206,10B61B34E3EC,1763460275281,2025-11-18 15:34:35,25.3,46.0,1398,34.1392,0.995361,-0.020264,-0.115479,1.00224
205,10B61B34E3EC,1763460258883,2025-11-18 15:34:18,25.3,46.0,1227,29.9634,0.997314,-0.019043,-0.111328,1.00369
204,10B61B34E3EC,1763460248844,2025-11-18 15:34:08,25.3,46.0,1378,33.6508,0.995605,-0.016602,-0.109619,1.00176
203,10B61B34E3EC,1763460232380,2025-11-18 15:33:52,25.3,46.0,1372,33.5043,0.997803,-0.018555,-0.114258,1.00449
202,10B61B34E3EC,1763460222341,2025-11-18 15:33:42,25.3,46.0,1407,34.359,0.996094,-0.016602,-0.111816,1.00249
201,10B61B34E3EC,1763460205541,2025-11-18 15:33:25,25.3,46.0,1383,33.7729,0.997559,-0.02124,-0.111328,1.00398
200,10B61B34E3EC,1763460195587,2025-11-18 15:33:15,25.3,47.0,1387,33.8706,0.999023,-0.017822,-0.108887,1.0051
199,10B61B34E3EC,1763460178889,2025-11-18 15:32:58,25.2,47.0,1329,32.4542,0.994385,-0.020508,-0.113525,1.00105
198,10B61B34E3EC,1763460168970,2025-11-18 15:32:48,24.8,47.0,1402,34.2369,0.99707,-0.018555,-0.10498,1.00275
197,10B61B34E3EC,1763460152390,2025-11-18 15:32:32,24.8,47.0,1315,32.1123,0.99585,-0.020508,-0.106445,1.00173
196,10B61B34E3EC,1763460142471,2025-11-18 15:32:22,24.8,47.0,1369,33.431,0.993896,-0.020508,-0.110596,1.00024
194,10B61B34E3EC,1763460113694,2025-11-18 15:31:53,24.8,47.0,1401,34.2125,0.999512,-0.020508,-0.114502,1.00626
193,10B61B34E3EC,1763460087387,2025-11-18 15:31:27,24.8,47.0,1284,31.3553,0.995361,-0.015625,-0.109131,1.00145
191,10B61B34E3EC,1763460071002,2025-11-18 15:31:11,24.9,47.0,1313,32.0635,0.999268,-0.020508,-0.108643,1.00537
192,10B61B34E3EC,1763460071002,2025-11-18 15:31:11,24.9,47.0,1313,32.0635,0.999268,-0.020508,-0.108643,1.00537
195,10B61B34E3EC,1763460071002,2025-11-18 15:31:11,24.9,47.0,1313,32.0635,0.999268,-0.020508,-0.108643,1.00537
190,10B61B34E3EC,1763460060963,2025-11-18 15:31:00,25.2,46.0,1355,33.0891,0.997314,-0.021484,-0.107666,1.00334
189,10B61B34E3EC,1763460044308,2025-11-18 15:30:44,25.0,46.0,1286,31.4042,0.997559,-0.020264,-0.115234,1.0044
188,10B61B34E3EC,1763460034390,2025-11-18 15:30:34,24.9,46.0,1278,31.2088,0.991699,-0.02124,-0.114746,0.998541
187,10B61B34E3EC,1763460017668,2025-11-18 15:30:17,24.9,47.0,1223,29.8657,0.997803,-0.016602,-0.109375,1.00392
186,10B61B34E3EC,1763460007584,2025-11-18 15:30:07,25.0,46.0,1241,30.3053,0.995117,-0.019043,-0.116211,1.00206
185,10B61B34E3EC,1763459991249,2025-11-18 15:29:51,24.9,47.0,1216,29.6947,1.00073,-0.020264,-0.105225,1.00645
184,10B61B34E3EC,1763459981467,2025-11-18 15:29:41,24.9,47.0,1253,30.5983,0.995361,-0.019531,-0.115479,1.00223
183,10B61B34E3EC,1763459965021,2025-11-18 15:29:25,25.0,47.0,1270,31.0134,1.00146,-0.02124,-0.107666,1.00746
182,10B61B34E3EC,1763459954921,2025-11-18 15:29:14,24.9,47.0,1222,29.8413,0.995605,-0.018311,-0.109131,1.00174
181,10B61B34E3EC,1763459938010,2025-11-18 15:28:58,24.8,47.0,1247,30.4518,0.996094,-0.019775,-0.112061,1.00257
180,10B61B34E3EC,1763459928220,2025-11-18 15:28:48,24.8,47.0,1287,31.4286,0.999512,-0.018311,-0.110107,1.00573
179,10B61B34E3EC,1763459911434,2025-11-18 15:28:31,24.8,46.0,1239,30.2564,0.99292,-0.015381,-0.112061,0.999342
178,10B61B34E3EC,1763459901422,2025-11-18 15:28:21,24.8,47.0,1215,29.6703,1.00024,-0.019287,-0.100586,1.00547
177,10B61B34E3EC,1763459884500,2025-11-18 15:28:04,24.8,47.0,1235,30.1587,0.997559,-0.023438,-0.107666,1.00363
176,10B61B34E3EC,1763459874809,2025-11-18 15:27:54,24.8,47.0,1217,29.7192,0.996582,-0.019775,-0.105957,1.00239
175,10B61B34E3EC,1763459858411,2025-11-18 15:27:38,24.8,47.0,1232,30.0855,0.996338,-0.019775,-0.12207,1.00398
174,10B61B34E3EC,1763459848372,2025-11-18 15:27:28,24.8,47.0,1251,30.5494,0.991943,-0.020264,-0.121826,0.999601
173,10B61B34E3EC,1763459831577,2025-11-18 15:27:11,24.8,47.0,1171,28.5958,0.998047,-0.027588,-0.114014,1.00492
172,10B61B34E3EC,1763459821641,2025-11-18 15:27:01,24.8,47.0,1232,30.0855,0.997803,-0.0271,-0.117188,1.00503
171,10B61B34E3EC,1763459804901,2025-11-18 15:26:44,24.8,47.0,1235,30.1587,0.994629,-0.022217,-0.116211,1.00164
170,10B61B34E3EC,1763459795113,2025-11-18 15:26:35,24.8,47.0,1173,28.6447,0.989258,-0.023438,-0.132568,0.998376
169,10B61B34E3EC,1763459778479,2025-11-18 15:26:18,24.8,47.0,1170,28.5714,0.99707,-0.03125,-0.10498,1.00307
168,10B61B34E3EC,1763459768441,2025-11-18 15:26:08,24.8,47.0,1237,30.2076,0.998291,-0.032227,-0.107666,1.0046
167,10B61B34E3EC,1763459751483,2025-11-18 15:25:51,24.8,47.0,1115,27.2283,0.997559,-0.029297,-0.110352,1.00407
166,10B61B34E3EC,1763459741537,2025-11-18 15:25:41,24.8,47.0,1402,34.2369,0.57666,-0.810791,-0.062012,0.996877
165,10B61B34E3EC,1763459724777,2025-11-18 15:25:24,24.8,48.0,1380,33.6996,0.599854,-0.794189,-0.081787,0.998624
164,10B61B34E3EC,1763459714879,2025-11-18 15:25:14,24.8,48.0,1241,30.3053,0.613281,-0.794922,-0.083496,1.00747
162,10B61B34E3EC,1763459697980,2025-11-18 15:24:57,24.8,48.0,894,21.8315,1.0061,-0.021729,-0.067139,1.00858
163,10B61B34E3EC,1763459688070,2025-11-18 15:24:48,24.8,48.0,966,23.5897,1.00049,-0.023682,-0.069824,1.0032
161,10B61B34E3EC,1763459671303,2025-11-18 15:24:31,24.6,48.0,1003,24.4933,1.00195,-0.020508,-0.084717,1.00574
160,10B61B34E3EC,1763459661302,2025-11-18 15:24:21,24.5,48.0,1035,25.2747,1.00171,-0.025391,-0.078613,1.00511
159,10B61B34E3EC,1763459644908,2025-11-18 15:24:04,24.5,48.0,1139,27.8144,1.01099,-0.017334,-0.083252,1.01456
158,10B61B34E3EC,1763459635084,2025-11-18 15:23:55,24.5,47.0,1174,28.6691,1.00024,-0.01709,-0.085205,1.00401
157,10B61B34E3EC,1763459614404,2025-11-18 15:23:34,24.5,47.0,1232,30.0855,0.998535,-0.018799,-0.092529,1.00299
156,10B61B34E3EC,1763459604481,2025-11-18 15:23:24,24.5,47.0,1222,29.8413,1.00317,-0.014893,-0.090088,1.00732
155,10B61B34E3EC,1763459587844,2025-11-18 15:23:07,24.5,48.0,1202,29.3529,0.999756,-0.017334,-0.081055,1.00319
154,10B61B34E3EC,1763459577805,2025-11-18 15:22:57,24.5,48.0,1234,30.1343,1.0022,-0.019531,-0.090332,1.00645
153,10B61B34E3EC,1763459561208,2025-11-18 15:22:41,24.5,48.0,1191,29.0842,1.00488,-0.016357,-0.089844,1.00902
152,10B61B34E3EC,1763459551494,2025-11-18 15:22:31,24.5,48.0,1216,29.6947,1.00171,-0.016846,-0.084961,1.00545
151,10B61B34E3EC,1763459535008,2025-11-18 15:22:15,24.5,48.0,1254,30.6227,0.998535,-0.017822,-0.085449,1.00234
150,10B61B34E3EC,1763459524970,2025-11-18 15:22:04,24.5,47.0,1236,30.1831,1.00146,-0.020996,-0.085938,1.00536
149,10B61B34E3EC,1763459508361,2025-11-18 15:21:48,24.5,47.0,1244,30.3785,1.00293,-0.015869,-0.083496,1.00652
148,10B61B34E3EC,1763459498456,2025-11-18 15:21:38,24.5,48.0,1239,30.2564,1.0061,-0.015869,-0.085693,1.00987
147,10B61B34E3EC,1763459481749,2025-11-18 15:21:21,24.5,48.0,1276,31.16,1.00195,-0.016602,-0.084961,1.00569
146,10B61B34E3EC,1763459471664,2025-11-18 15:21:11,24.5,48.0,1270,31.0134,1.00073,-0.017578,-0.084229,1.00442
145,10B61B34E3EC,1763459455331,2025-11-18 15:20:55,24.5,48.0,1264,30.8669,1.00098,-0.01709,-0.08252,1.00452
144,10B61B34E3EC,1763459445470,2025-11-18 15:20:45,24.5,48.0,1255,30.6471,1.00049,-0.015137,-0.083008,1.00404
143,10B61B34E3EC,1763459428702,2025-11-18 15:20:28,24.5,48.0,1234,30.1343,1.00146,-0.015381,-0.086914,1.00535
141,10B61B34E3EC,1763447993292,2025-11-18 12:09:53,23.8,44.0,1563,38.1685,1.0105,0.018066,-0.034668,1.01125
140,10B61B34E3EC,1763447983369,2025-11-18 12:09:43,23.8,44.0,1617,39.4872,1.00879,0.011475,-0.038818,1.0096
139,10B61B34E3EC,1763447966568,2025-11-18 12:09:26,23.8,44.0,1591,38.8523,1.00855,0.02124,-0.034668,1.00936
138,10B61B34E3EC,1763447956638,2025-11-18 12:09:16,23.8,44.0,1604,39.1697,1.00635,0.017334,-0.031738,1.007
137,10B61B34E3EC,1763447940149,2025-11-18 12:09:00,23.8,44.0,1592,38.8767,1.0105,0.019775,-0.035645,1.01132
136,10B61B34E3EC,1763447930223,2025-11-18 12:08:50,23.8,44.0,1577,38.5104,1.00952,0.01709,-0.036377,1.01032
135,10B61B34E3EC,1763447913443,2025-11-18 12:08:33,23.8,44.0,1586,38.7302,1.01025,0.019775,-0.035889,1.01108
133,10B61B34E3EC,1763447265231,2025-11-18 11:57:45,23.8,44.0,1615,39.4383,1.00732,0.018066,-0.036133,1.00813
132,10B61B34E3EC,1763447255140,2025-11-18 11:57:35,23.8,44.0,1674,40.8791,1.00781,0.020752,-0.038574,1.00876
131,10B61B34E3EC,1763447238490,2025-11-18 11:57:18,23.8,44.0,1661,40.5617,1.00732,0.017822,-0.034668,1.00808
130,10B61B34E3EC,1763447228331,2025-11-18 11:57:08,23.8,45.0,1633,39.8779,1.00952,0.018799,-0.033691,1.01026
129,10B61B34E3EC,1763447211631,2025-11-18 11:56:51,23.8,45.0,1663,40.6105,1.00561,0.018799,-0.033447,1.00635
127,10B61B34E3EC,1763446600585,2025-11-18 11:46:40,24.1,45.0,1517,37.0452,1.00391,0.016846,-0.043213,1.00498
126,10B61B34E3EC,1763446590666,2025-11-18 11:46:30,24.1,45.0,1638,40.0,1.00684,0.017822,-0.04126,1.00784
125,10B61B34E3EC,1763446573834,2025-11-18 11:46:13,24.1,45.0,1587,38.7546,1.00415,0.016846,-0.036377,1.00495
124,10B61B34E3EC,1763446563931,2025-11-18 11:46:03,24.1,45.0,1599,39.0476,1.00757,0.019287,-0.038086,1.00847
123,10B61B34E3EC,1763446547193,2025-11-18 11:45:47,24.1,45.0,0,0.0,1.0061,0.019775,-0.04126,1.00714
122,10B61B34E3EC,1763446537269,2025-11-18 11:45:37,24.1,45.0,0,0.0,1.00659,0.015869,-0.036865,1.00739
121,10B61B34E3EC,1763446520596,2025-11-18 11:45:20,24.1,45.0,1521,37.1429,1.01001,0.015625,-0.037109,1.01081
120,10B61B34E3EC,1763446510570,2025-11-18 11:45:10,24.1,45.0,0,0.0,0.888428,-0.469238,-0.013672,1.00483
116,10B61B34E3EC,1763446462865,2025-11-18 11:44:22,24.1,46.0,1522,37.1673,1.00146,-0.056641,-0.04834,1.00423
115,10B61B34E3EC,1763446452828,2025-11-18 11:44:12,24.1,46.0,1424,34.7741,0.969971,-0.240479,-0.046875,1.00044
114,10B61B34E3EC,1763446436482,2025-11-18 11:43:56,24.1,46.0,1475,36.0195,1.00293,-0.041992,-0.063477,1.00581
113,10B61B34E3EC,1763446426443,2025-11-18 11:43:46,24.1,46.0,1529,37.3382,1.00342,-0.050781,-0.058594,1.00641
112,10B61B34E3EC,1763446409850,2025-11-18 11:43:29,24.1,46.0,1481,36.1661,1.00464,-0.049805,-0.061279,1.00774
111,10B61B34E3EC,1763446399812,2025-11-18 11:43:19,24.1,46.0,1415,34.5543,0.976807,-0.244873,-0.03833,1.00776
110,10B61B34E3EC,1763446383267,2025-11-18 11:43:03,24.1,46.0,1474,35.9951,1.00317,-0.050293,-0.062744,1.00639
109,10B61B34E3EC,1763446373229,2025-11-18 11:42:53,24.1,46.0,1442,35.2137,1.00122,-0.053223,-0.060303,1.00445
108,10B61B34E3EC,1763446356681,2025-11-18 11:42:36,24.1,46.0,1482,36.1905,1.00122,-0.063477,-0.060791,1.00507
119,10B61B34E3EC,1763446346644,2025-11-18 11:42:26,24.1,46.0,1264,30.8669,1.01856,0.015869,-0.005859,1.0187
118,10B61B34E3EC,1763446330286,2025-11-18 11:42:10,24.1,46.0,1535,37.4847,1.01001,0.012207,-0.000244,1.01008
117,10B61B34E3EC,1763446320248,2025-11-18 11:42:00,23.8,46.0,1483,36.2149,1.00928,0.01416,0.000977,1.00938
107,10B61B34E3EC,1763446275977,2025-11-18 11:41:15,23.8,46.0,1643,40.1221,1.00415,0.044189,-0.036133,1.00577
106,10B61B34E3EC,1763446266052,2025-11-18 11:41:06,23.8,45.0,1597,38.9988,1.00952,0.047607,-0.027832,1.01103
105,10B61B34E3EC,1763446249256,2025-11-18 11:40:49,23.8,45.0,1593,38.9011,1.00757,0.044678,-0.040039,1.00935
104,10B61B34E3EC,1763446239321,2025-11-18 11:40:39,23.8,46.0,1594,38.9255,1.00684,0.046631,-0.035156,1.00853
103,10B61B34E3EC,1763446222681,2025-11-18 11:40:22,23.8,46.0,1575,38.4615,1.01123,0.046631,-0.044434,1.01328
102,10B61B34E3EC,1763446212611,2025-11-18 11:40:12,23.8,46.0,1614,39.4139,1.00732,0.046631,-0.036865,1.00908
101,10B61B34E3EC,1763446195872,2025-11-18 11:39:55,23.8,46.0,1583,38.6569,1.00903,0.043701,-0.039551,1.01075
98,10B61B34E3EC,1763434783015,2025-11-18 08:29:43,23.0,47.0,1396,34.0904,1.00122,0.023926,-0.090332,1.00557
97,10B61B34E3EC,1763434765541,2025-11-18 08:29:25,23.0,47.0,1363,33.2845,1.0022,0.021973,-0.094238,1.00686
96,10B61B34E3EC,1763434738058,2025-11-18 08:28:58,23.0,47.0,1367,33.3822,1.00269,0.021729,-0.097412,1.00764
95,10B61B34E3EC,1763434728241,2025-11-18 08:28:48,23.0,47.0,1428,34.8718,0.998291,0.020752,-0.094727,1.00299
94,10B61B34E3EC,1763434710684,2025-11-18 08:28:30,23.0,46.0,1327,32.4054,1.00269,0.023926,-0.099854,1.00793
93,10B61B34E3EC,1763434700741,2025-11-18 08:28:20,23.0,46.0,1392,33.9927,1.00635,0.018555,-0.091797,1.0107
92,10B61B34E3EC,1763434683226,2025-11-18 08:28:03,23.0,46.0,1392,33.9927,1.00049,0.024658,-0.091064,1.00493
91,10B61B34E3EC,1763434673308,2025-11-18 08:27:53,23.0,46.0,1378,33.6508,1.00513,0.023682,-0.093018,1.0097
90,10B61B34E3EC,1763434655786,2025-11-18 08:27:35,23.0,46.0,1389,33.9194,0.994385,0.026123,-0.094238,0.999182
89,10B61B34E3EC,1763434645964,2025-11-18 08:27:25,23.1,47.0,1360,33.2112,1.00098,0.021729,-0.094238,1.00564
88,10B61B34E3EC,1763434628433,2025-11-18 08:27:08,23.0,47.0,1370,33.4554,1.00024,0.01709,-0.097656,1.00515
87,10B61B34E3EC,1763434618396,2025-11-18 08:26:58,23.0,47.0,1387,33.8706,1.00146,0.022217,-0.087158,1.0055
86,10B61B34E3EC,1763434600802,2025-11-18 08:26:40,23.0,47.0,1421,34.7009,0.999756,0.022705,-0.086914,1.00378
85,10B61B34E3EC,1763434590985,2025-11-18 08:26:30,23.0,47.0,1360,33.2112,1.00073,0.020752,-0.100098,1.00594
84,10B61B34E3EC,1763434573767,2025-11-18 08:26:13,23.0,46.0,1390,33.9438,1.00293,0.020508,-0.092529,1.0074
83,10B61B34E3EC,1763434563729,2025-11-18 08:26:03,23.0,46.0,1295,31.6239,1.00317,0.023682,-0.103027,1.00873
82,10B61B34E3EC,1763434546218,2025-11-18 08:25:46,23.0,46.0,1398,34.1392,1.00269,0.02002,-0.093994,1.00728
81,10B61B34E3EC,1763434536298,2025-11-18 08:25:36,23.0,46.0,1359,33.1868,1.00024,0.017334,-0.088135,1.00427
80,10B61B34E3EC,1763434518778,2025-11-18 08:25:18,23.0,46.0,1415,34.5543,1.00342,0.020752,-0.092529,1.00789
79,10B61B34E3EC,1763434508852,2025-11-18 08:25:08,23.0,46.0,1346,32.8694,0.999756,0.025391,-0.094482,1.00453
78,10B61B34E3EC,1763434491343,2025-11-18 08:24:51,23.0,46.0,1383,33.7729,1.00342,0.023682,-0.101807,1.00885
77,10B61B34E3EC,1763434481402,2025-11-18 08:24:41,23.0,46.0,1390,33.9438,1.00122,0.024658,-0.09375,1.0059
76,10B61B34E3EC,1763434463732,2025-11-18 08:24:23,23.0,46.0,1360,33.2112,1.00098,0.026367,-0.087891,1.00517
75,10B61B34E3EC,1763434453739,2025-11-18 08:24:13,23.0,46.0,1375,33.5775,1.00122,0.021484,-0.092529,1.00572
74,10B61B34E3EC,1763434436472,2025-11-18 08:23:56,23.0,46.0,1382,33.7485,1.00098,0.021729,-0.089111,1.00517
73,10B61B34E3EC,1763434426434,2025-11-18 08:23:46,23.0,46.0,1382,33.7485,1.00171,0.023193,-0.089844,1.006
72,10B61B34E3EC,1763434408924,2025-11-18 08:23:28,23.0,46.0,1360,33.2112,1.00391,0.020264,-0.088623,1.00801
71,10B61B34E3EC,1763434399051,2025-11-18 08:23:19,23.0,46.0,1360,33.2112,1.00098,0.020752,-0.095459,1.00573
70,10B61B34E3EC,1763434381528,2025-11-18 08:23:01,23.0,46.0,1403,34.2613,1.0061,0.018311,-0.094727,1.01072
69,10B61B34E3EC,1763434371586,2025-11-18 08:22:51,23.0,46.0,1361,33.2357,1.00073,0.022949,-0.086914,1.00476
68,10B61B34E3EC,1763434353900,2025-11-18 08:22:33,23.0,46.0,1376,33.602,1.0022,0.02002,-0.093994,1.00679
67,10B61B34E3EC,1763434344119,2025-11-18 08:22:24,23.0,46.0,1426,34.823,1.00244,0.019043,-0.092529,1.00688
66,10B61B34E3EC,1763434326825,2025-11-18 08:22:06,23.0,46.0,1353,33.0403,0.999268,0.020508,-0.090332,1.00355
65,10B61B34E3EC,1763434317013,2025-11-18 08:21:57,23.0,47.0,1398,34.1392,1.0022,0.021973,-0.098145,1.00723
64,10B61B34E3EC,1763434289405,2025-11-18 08:21:29,23.0,47.0,1380,33.6996,1.00171,0.022217,-0.096191,1.00656
63,10B61B34E3EC,1763434271882,2025-11-18 08:21:11,23.0,47.0,1328,32.4298,1.00098,0.022461,-0.095947,1.00582
62,10B61B34E3EC,1763434261807,2025-11-18 08:21:01,23.0,47.0,1377,33.6264,1.00317,0.021729,-0.091309,1.00756
61,10B61B34E3EC,1763434244291,2025-11-18 08:20:44,23.0,47.0,1411,34.4567,1.00293,0.022949,-0.094238,1.00761
60,10B61B34E3EC,1763434216983,2025-11-18 08:20:16,23.0,47.0,1363,33.2845,1.00269,0.023193,-0.085693,1.00661
59,10B61B34E3EC,1763434189755,2025-11-18 08:19:49,23.0,47.0,1437,35.0916,1.00146,0.024902,-0.097656,1.00652
58,10B61B34E3EC,1763434179766,2025-11-18 08:19:39,23.0,47.0,1435,35.0427,1.00146,0.025146,-0.092041,1.006
57,10B61B34E3EC,1763434162114,2025-11-18 08:19:22,23.0,47.0,1356,33.1136,1.00098,0.019775,-0.097412,1.0059
56,10B61B34E3EC,1763434152252,2025-11-18 08:19:12,23.0,47.0,1415,34.5543,1.0022,0.0271,-0.087646,1.00639
55,10B61B34E3EC,1763434134752,2025-11-18 08:18:54,23.0,47.0,1355,33.0891,1.00366,0.025391,-0.093262,1.00831
54,10B61B34E3EC,1763434124954,2025-11-18 08:18:44,23.0,47.0,1409,34.4078,0.998047,0.022705,-0.09668,1.00298
52,10B61B34E3EC,1763434107474,2025-11-18 08:18:27,23.0,47.0,1399,34.1636,1.00244,0.023926,-0.094238,1.00715
53,10B61B34E3EC,1763434097437,2025-11-18 08:18:17,23.0,47.0,2817,68.7912,0.998047,0.022217,-0.094238,1.00273
51,10B61B34E3EC,1763434079863,2025-11-18 08:17:59,23.0,47.0,2837,69.2796,1.00122,0.024658,-0.097168,1.00623
50,10B61B34E3EC,1763434069917,2025-11-18 08:17:49,23.0,47.0,1391,33.9683,1.00269,0.022217,-0.094238,1.00735
49,10B61B34E3EC,1763434052225,2025-11-18 08:17:32,23.0,48.0,1384,33.7973,1.00073,0.022949,-0.097412,1.00572
48,10B61B34E3EC,1763433997345,2025-11-18 08:16:37,23.0,47.0,0,0.0,0.998535,0.013184,-0.123535,1.00623
47,10B61B34E3EC,1763433987345,2025-11-18 08:16:27,23.0,47.0,0,0.0,0.999023,0.007813,-0.126709,1.00706
46,10B61B34E3EC,1763433969818,2025-11-18 08:16:09,23.0,48.0,0,0.0,1.00024,0.010498,-0.136963,1.00963
45,10B61B34E3EC,1763433959974,2025-11-18 08:15:59,23.0,48.0,0,0.0,0.999023,0.009033,-0.134766,1.00811
44,10B61B34E3EC,1763433942319,2025-11-18 08:15:42,23.0,49.0,0,0.0,0.936523,0.028076,-0.192139,0.956442
43,10B61B34E3EC,1763433917947,2025-11-18 08:15:17,82.4,29.0,0,0.0,0.998535,-0.062256,0.167969,1.01448
42,10B61B34E3EC,1763433880297,2025-11-18 08:14:40,0.0,0.0,0,0.0,0.999268,0.01123,-0.119629,1.00647
41,10B61B34E3EC,1763433853221,2025-11-18 08:14:13,0.0,0.0,0,0.0,0.998047,0.017334,-0.113037,1.00458
40,10B61B34E3EC,1763433825730,2025-11-18 08:13:45,0.0,0.0,17,0.41514,1.00122,0.013672,-0.116943,1.00812
37,10B61B34E3EC,1763433426101,2025-11-18 08:07:06,0.0,0.0,0,0.0,1.00659,0.006348,-0.040527,1.00743
36,10B61B34E3EC,1763433398343,2025-11-18 08:06:38,0.0,0.0,0,0.0,1.00781,0.002441,-0.034668,1.00841
35,10B61B34E3EC,1763433370921,2025-11-18 08:06:10,0.0,0.0,0,0.0,1.00635,0.00708,-0.040527,1.00719
34,10B61B34E3EC,1763433343481,2025-11-18 08:05:43,0.0,0.0,0,0.0,1.00977,0.011963,-0.037598,1.01054
33,10B61B34E3EC,1763433315753,2025-11-18 08:05:15,0.0,0.0,0,0.0,1.01367,0.008057,-0.039063,1.01446
99,10B61B34E3EC,1763433188472,2025-11-18 08:03:08,0.0,0.0,0,0.0,1.00464,0.052002,-0.053711,1.00742
32,10B61B34E3EC,1763433161631,2025-11-18 08:02:41,0.0,0.0,0,0.0,1.00317,0.052246,-0.046875,1.00563
31,10B61B34E3EC,1763433135101,2025-11-18 08:02:15,0.0,0.0,0,0.0,1.00757,0.050537,-0.051025,1.01012
30,10B61B34E3EC,1763433108434,2025-11-18 08:01:48,0.0,0.0,0,0.0,1.00561,0.048096,-0.043945,1.00772
29,10B61B34E3EC,1763433082173,2025-11-18 08:01:22,0.0,0.0,0,0.0,1.00635,0.047119,-0.053467,1.00887
28,10B61B34E3EC,1763433055035,2025-11-18 08:00:55,0.0,0.0,0,0.0,1.0044,0.050781,-0.056885,1.00729
27,10B61B34E3EC,1763433028909,2025-11-18 08:00:28,0.0,0.0,0,0.0,1.00977,0.049805,-0.054443,1.01246
26,10B61B34E3EC,1763433002298,2025-11-18 08:00:02,0.0,0.0,0,0.0,1.00855,0.049561,-0.056885,1.01136
25,10B61B34E3EC,1763398011822,2025-11-17 22:16:51,0.0,0.0,0,0.0,1.00806,0.003906,-0.004639,1.00808
24,10B61B34E3EC,1763397985280,2025-11-17 22:16:25,0.0,0.0,0,0.0,0.11792,-0.993896,0.058838,1.00259
23,10B61B34E3EC,1763397837104,2025-11-17 22:13:57,0.0,0.0,0,0.0,1.00659,-0.014893,-0.045654,1.00774
21,10B61B34E3EC,1763397810736,2025-11-17 22:13:30,0.0,0.0,0,0.0,1.00561,0.007324,-0.033936,1.00621
20,10B61B34E3EC,1763397784334,2025-11-17 22:13:04,0.0,0.0,0,0.0,1.0044,0.006592,-0.031982,1.00493
19,10B61B34E3EC,1763397757713,2025-11-17 22:12:37,0.0,0.0,0,0.0,1.00317,0.008057,-0.03418,1.00379
18,10B61B34E3EC,1763397731090,2025-11-17 22:12:11,0.0,0.0,0,0.0,1.00122,0.007813,-0.03833,1.00198
16,10B61B34E3EC,1763397694075,2025-11-17 22:11:34,0.0,0.0,0,0.0,1.00781,0.00708,-0.022705,1.00809
258,10B61B34E3EC,62957,1970-01-01 05:31:02,24.8,53.0,1328,32.4298,0.997803,-0.088135,-0.052734,1.00308
229,10B61B34E3EC,24430,1970-01-01 05:30:24,24.8,54.0,1355,33.0891,0.998291,-0.07959,-0.054932,1.00296
22,10B61B34E3EC,5258,1970-01-01 05:30:05,0.0,0.0,0,0.0,1.00732,-0.009521,-0.038818,1.00812
38,10B61B34E3EC,5258,1970-01-01 05:30:05,0.0,0.0,0,0.0,1.01562,0.004395,-0.029541,1.01606
39,10B61B34E3EC,5257,1970-01-01 05:30:05,0.0,0.0,0,0.0,0.999756,0.018311,-0.115234,1.00654
17,10B61B34E3EC,4372,1970-01-01 05:30:04,0.0,0.0,0,0.0,1.00146,0.015137,-0.0354,1.0022
5,10B61B34E3EC,3665,1970-01-01 05:30:03,0.0,0.0,0,0.0,1.00537,0.007568,-0.028564,1.00581
12,10B61B34E3EC,3665,1970-01-01 05:30:03,0.0,0.0,0,0.0,1.00366,0.006104,-0.018066,1.00384
1,10B61B34E3EC,2797,1970-01-01 05:30:02,0.0,0.0,0,0.0,0.0,0.0,0.0,0.0
2,10B61B34E3EC,2776,1970-01-01 05:30:02,0.0,0.0,0,0.0,1.00122,0.012695,-0.05542,1.00283
3,10B61B34E3EC,2776,1970-01-01 05:30:02,0.0,0.0,0,0.0,1.00317,0.012695,-0.060791,1.00509
4,10B61B34E3EC,2776,1970-01-01 05:30:02,0.0,0.0,0,0.0,0.938477,-0.355713,0.014404,1.00373
6,10B61B34E3EC,2800,1970-01-01 05:30:02,0.0,0.0,0,0.0,0.0,0.0,0.0,0.0
7,10B61B34E3EC,2941,1970-01-01 05:30:02,0.0,0.0,0,0.0,1.00684,0.010254,-0.023438,1.00716
8,10B61B34E3EC,2778,1970-01-01 05:30:02,0.0,0.0,0,0.0,1.00781,0.010742,-0.030518,1.00833
9,10B61B34E3EC,2776,1970-01-01 05:30:02,0.0,0.0,0,0.0,1.00781,0.009766,-0.018066,1.00802
10,10B61B34E3EC,2779,1970-01-01 05:30:02,0.0,0.0,0,0.0,1.0061,0.007568,-0.025146,1.00645
11,10B61B34E3EC,2777,1970-01-01 05:30:02,0.0,0.0,0,0.0,1.00781,0.008545,-0.023682,1.00813
13,10B61B34E3EC,2920,1970-01-01 05:30:02,0.0,0.0,0,0.0,1.00879,0.006104,-0.024902,1.00911
14,10B61B34E3EC,2778,1970-01-01 05:30:02,0.0,0.0,0,0.0,1.00488,0.010742,-0.030273,1.0054
15,10B61B34E3EC,2779,1970-01-01 05:30:02,0.0,0.0,0,0.0,1.00684,0.008057,-0.021973,1.00711
100,10B61B34E3EC,1371,1970-01-01 05:30:01,23.8,46.0,1614,39.4139,1.00635,0.049072,-0.040771,1.00837
128,10B61B34E3EC,1352,1970-01-01 05:30:01,23.8,45.0,1664,40.6349,1.00635,0.016113,-0.035156,1.00709
134,10B61B34E3EC,1322,1970-01-01 05:30:01,23.8,44.0,1573,38.4127,1.00732,0.013916,-0.031494,1.00791
142,10B61B34E3EC,1350,1970-01-01 05:30:01,24.5,48.0,1283,31.3309,0.993652,0.01123,-0.175537,1.0091
224,10B61B34E3EC,1380,1970-01-01 05:30:01,24.8,46.0,1275,31.1355,1.0,-0.017822,-0.115479,1.0068
